{"cameraMode":{"drawMode":0,"name":"Shaded","section":"Shading Mode"},"sceneLighting":false,"audioPlay":false,"sceneViewState":{"showFog":true,"showMaterialUpdate":false,"showSkybox":false,"showFlares":true,"showImageEffects":true,"showParticleSystems":true},"in2DMode":false,"pivot":{"x":0.0,"y":0.4077499806880951,"z":0.000050008296966552734},"rotation":{"x":-0.05509470775723457,"y":-0.8916198015213013,"z":0.43500176072120669,"w":-0.1129259318113327},"size":1.9010142087936402,"orthographic":false}